gbifID;ScientificName;year
930960845;Syntrichia ruralis;2006
930960841;Syntrichia ruralis;2007
930960823;Syntrichia ruralis;2006
930960756;Syntrichia ruralis;2006
930960206;Syntrichia ruralis;2006
930959687;Syntrichia ruralis;2006
930958653;Syntrichia ruralis;2005
930958433;Pleurochaete squarrosa;2006
930958409;Pleurochaete squarrosa;2005
930958368;Pleurochaete squarrosa;2005
930958354;Pleurochaete squarrosa;2005
930955435;Pleurochaete squarrosa;2005
930955382;Pleurochaete squarrosa;2005
930955355;Pleurochaete squarrosa;2005
930955301;Syntrichia ruralis;1916
930954773;Homalothecium aureum;1929
930954767;Pleurochaete squarrosa;1937
930954736;Syntrichia ruralis;1929
930954663;Pleurochaete squarrosa;1915
930954640;Pleurochaete squarrosa;1916
930954482;Pleurochaete squarrosa;1924
930954473;Syntrichia ruralis;1924
930954229;Homalothecium aureum;1915
930954121;Pleurochaete squarrosa;1915
930954106;Pleurochaete squarrosa;1915
930953934;Homalothecium aureum;1925
930953926;Homalothecium aureum;1924
930953925;Homalothecium aureum;1925
930953810;Pleurochaete squarrosa;1915
768618602;Homalothecium aureum;
768618600;Homalothecium aureum;
768618359;Syntrichia ruralis;
768618352;Syntrichia ruralis;
768618350;Syntrichia ruralis;
768618348;Syntrichia ruralis;
768618345;Syntrichia ruralis;
768618343;Syntrichia ruralis;
768618342;Syntrichia ruralis;
768618340;Syntrichia ruralis;
768618338;Syntrichia ruralis;
768618337;Syntrichia ruralis;
768618334;Syntrichia ruralis;
768618270;Syntrichia ruralis;
768618267;Syntrichia ruralis;
768618265;Syntrichia ruralis;
768618262;Syntrichia ruralis;
768618261;Syntrichia ruralis;
768618259;Syntrichia ruralis;
768618257;Syntrichia ruralis;
768618255;Syntrichia ruralis;
768618253;Syntrichia ruralis;
768618252;Syntrichia ruralis;
768618247;Syntrichia ruralis;
768618245;Syntrichia ruralis;
768618244;Syntrichia ruralis;
768618242;Syntrichia ruralis;
768618238;Syntrichia ruralis;
768618079;Syntrichia ruralis;
768617932;Homalothecium aureum;
768617910;Syntrichia ruralis;
768617908;Syntrichia ruralis;
768617904;Syntrichia ruralis;
768616303;Syntrichia ruralis;
768614936;Syntrichia ruralis;
768614385;Homalothecium aureum;
768613763;Syntrichia ruralis;
768613307;Syntrichia ruralis;
768613306;Syntrichia ruralis;
768613304;Syntrichia ruralis;
768613303;Syntrichia ruralis;
768613301;Syntrichia ruralis;
768612432;Syntrichia ruralis;
768612430;Syntrichia ruralis;
768612420;Syntrichia ruralis;
768612417;Syntrichia ruralis;
768612415;Syntrichia ruralis;
768612408;Syntrichia ruralis;
768612404;Syntrichia ruralis;
768612403;Syntrichia ruralis;
60677134;Syntrichia ruralis;1994
60677117;Syntrichia ruralis;1990
60676880;Syntrichia ruralis;1979
60676878;Syntrichia ruralis;2000
60676873;Syntrichia ruralis;1998
60676846;Syntrichia ruralis;2000
60676803;Syntrichia ruralis;1980
60676747;Syntrichia ruralis;1998
60676745;Syntrichia ruralis;1999
60676737;Syntrichia ruralis;1996
60676736;Syntrichia ruralis;1998
60676735;Syntrichia ruralis;1997
60676734;Syntrichia ruralis;2000
60676700;Syntrichia ruralis;1998
60676686;Syntrichia ruralis;1994
60676679;Syntrichia ruralis;1991
60676676;Syntrichia ruralis;1997
60676664;Syntrichia ruralis;1996
60676653;Syntrichia ruralis;1992
60676649;Syntrichia ruralis;1992
60676647;Syntrichia ruralis;1980
60676606;Syntrichia ruralis;1987
60676258;Syntrichia ruralis;1985
60676241;Syntrichia ruralis;1984
60676211;Syntrichia ruralis;1972
60676210;Syntrichia ruralis;1972
60676151;Syntrichia ruralis;1880
60676150;Syntrichia ruralis;1879
60676149;Syntrichia ruralis;1917
60666156;Homalothecium aureum;1987
60666155;Homalothecium aureum;1987
60666154;Homalothecium aureum;1988
60666153;Homalothecium aureum;1982
60666152;Homalothecium aureum;1981
60666118;Homalothecium aureum;2001
60666117;Homalothecium aureum;1987
60666116;Homalothecium aureum;2002
60665934;Homalothecium aureum;1974
60665933;Homalothecium aureum;1974
60665932;Homalothecium aureum;1992
60665931;Homalothecium aureum;1979
60665930;Homalothecium aureum;2002
60665929;Homalothecium aureum;2002
60665928;Homalothecium aureum;1999
60665927;Homalothecium aureum;1997
60665926;Homalothecium aureum;1997
60665902;Homalothecium aureum;1993
60665863;Homalothecium aureum;1995
60665862;Homalothecium aureum;1987
60665861;Homalothecium aureum;1991
60665860;Homalothecium aureum;1993
60665859;Homalothecium aureum;1987
60665858;Homalothecium aureum;1991
60665857;Homalothecium aureum;1991
60665856;Homalothecium aureum;1993
60665855;Homalothecium aureum;1991
60665772;Homalothecium aureum;1992
60665771;Homalothecium aureum;1992
60665770;Homalothecium aureum;1992
60665769;Homalothecium aureum;1991
60665768;Homalothecium aureum;1992
60665730;Homalothecium aureum;1985
60665728;Homalothecium aureum;1990
60665722;Homalothecium aureum;1982
60665721;Homalothecium aureum;1982
60665720;Homalothecium aureum;1981
60665719;Homalothecium aureum;1984
60665718;Homalothecium aureum;1983
60665717;Homalothecium aureum;1982
60665716;Homalothecium aureum;1982
60665715;Homalothecium aureum;1983
60665714;Homalothecium aureum;1982
60665713;Homalothecium aureum;1982
60665712;Homalothecium aureum;1982
60665711;Homalothecium aureum;1982
60665710;Homalothecium aureum;1982
60665709;Homalothecium aureum;1984
60665708;Homalothecium aureum;1983
60665681;Homalothecium aureum;1978
60665640;Homalothecium aureum;1994
60665639;Homalothecium aureum;1978
60665632;Homalothecium aureum;1982
60665631;Homalothecium aureum;1976
60665592;Homalothecium aureum;1977
575354730;Homalothecium aureum;1927
575283431;Syntrichia ruralis;1964
574984960;Syntrichia ruralis;1956
4438714085;Pleurochaete squarrosa;2023
4436426483;Pleurochaete squarrosa;2023
4436271651;Pleurochaete squarrosa;2023
4431172813;Pleurochaete squarrosa;2023
4431149699;Pleurochaete squarrosa;2023
4430772018;Pleurochaete squarrosa;2023
4430753815;Pleurochaete squarrosa;2023
4430676786;Pleurochaete squarrosa;2023
4430529210;Pleurochaete squarrosa;2023
4430510253;Pleurochaete squarrosa;2023
4430409711;Pleurochaete squarrosa;2021
4424425507;Pleurochaete squarrosa;2023
4414289610;Pleurochaete squarrosa;2023
4414081528;Pleurochaete squarrosa;2023
4407576545;Pleurochaete squarrosa;2023
4407365599;Pleurochaete squarrosa;2023
4405867348;Homalothecium aureum;1998
4405369687;Pleurochaete squarrosa;2023
436741856;Homalothecium aureum;1953
4177494527;Pleurochaete squarrosa;2023
4177026918;Pleurochaete squarrosa;2023
4177022528;Pleurochaete squarrosa;2023
4172233550;Syntrichia ruralis;2023
4171604575;Pleurochaete squarrosa;2023
4165555547;Pleurochaete squarrosa;2023
4153718481;Homalothecium aureum;2023
4145598443;Pleurochaete squarrosa;2023
4138726600;Pleurochaete squarrosa;2023
4138452566;Pleurochaete squarrosa;2022
4138387556;Pleurochaete squarrosa;2022
4138308338;Pleurochaete squarrosa;2023
4138170356;Pleurochaete squarrosa;2019
4138102432;Pleurochaete squarrosa;2021
4138058489;Pleurochaete squarrosa;2022
4137989422;Pleurochaete squarrosa;2020
4137968369;Pleurochaete squarrosa;2021
4137834887;Pleurochaete squarrosa;2022
4137730373;Pleurochaete squarrosa;2021
4137697548;Pleurochaete squarrosa;2021
4137671533;Pleurochaete squarrosa;2021
4137656407;Pleurochaete squarrosa;2021
4137655450;Pleurochaete squarrosa;2022
4137619370;Pleurochaete squarrosa;2020
4133869708;Syntrichia ruralis;2023
4130016098;Pleurochaete squarrosa;2023
4130000830;Pleurochaete squarrosa;2023
4129899877;Pleurochaete squarrosa;2023
4127269964;Pleurochaete squarrosa;2021
4127166200;Syntrichia ruralis;2023
4121287575;Pleurochaete squarrosa;2023
4121087059;Pleurochaete squarrosa;2023
4116403102;Pleurochaete squarrosa;2023
4112172767;Pleurochaete squarrosa;2023
4111971219;Homalothecium aureum;2023
4096844612;Pleurochaete squarrosa;2023
4096835116;Pleurochaete squarrosa;2023
4096443958;Pleurochaete squarrosa;2023
4091881776;Pleurochaete squarrosa;2023
4091779886;Pleurochaete squarrosa;2023
4091491638;Pleurochaete squarrosa;2023
4091421627;Pleurochaete squarrosa;2023
4080502590;Pleurochaete squarrosa;2023
4076849513;Homalothecium aureum;1969
4075959710;Pleurochaete squarrosa;2023
4075907809;Pleurochaete squarrosa;2023
4075839788;Pleurochaete squarrosa;2023
4075803003;Pleurochaete squarrosa;2023
4075694132;Pleurochaete squarrosa;2023
4062953426;Pleurochaete squarrosa;2022
4061077468;Homalothecium aureum;1975
4061075635;Homalothecium aureum;1975
4057072395;Syntrichia ruralis;2022
4054997041;Pleurochaete squarrosa;2023
4054899295;Pleurochaete squarrosa;2023
4054748057;Pleurochaete squarrosa;2023
4046503838;Pleurochaete squarrosa;2023
4046414204;Pleurochaete squarrosa;2023
4046365063;Pleurochaete squarrosa;2023
4046214727;Pleurochaete squarrosa;2023
4040811774;Homalothecium aureum;2008
4040537929;Syntrichia ruralis;2008
4040536168;Homalothecium aureum;2014
4039475497;Pleurochaete squarrosa;2023
4039332088;Pleurochaete squarrosa;2023
4039286898;Pleurochaete squarrosa;2023
4035481920;Pleurochaete squarrosa;2021
4035481919;Pleurochaete squarrosa;2021
4035481823;Pleurochaete squarrosa;2014
4035481690;Pleurochaete squarrosa;2021
4035481493;Syntrichia ruralis;2011
4035481405;Syntrichia ruralis;2021
4035481243;Syntrichia ruralis;2021
4035481166;Pleurochaete squarrosa;2021
4035481032;Syntrichia ruralis;2021
4035480982;Homalothecium aureum;2021
4035480723;Syntrichia ruralis;2021
4035480683;Syntrichia ruralis;2022
4035480646;Homalothecium aureum;2021
4035480627;Syntrichia ruralis;2021
4035480624;Syntrichia ruralis;2021
4035480568;Homalothecium aureum;2021
4035480516;Pleurochaete squarrosa;2015
4035480502;Syntrichia ruralis;2010
4035480331;Pleurochaete squarrosa;2021
4029063448;Pleurochaete squarrosa;2021
4028991347;Pleurochaete squarrosa;2023
4021978615;Pleurochaete squarrosa;2023
4018566737;Pleurochaete squarrosa;2022
4018486465;Pleurochaete squarrosa;2006
4018275384;Pleurochaete squarrosa;2020
4018176819;Pleurochaete squarrosa;2023
4015092357;Syntrichia ruralis;2022
4014990866;Pleurochaete squarrosa;2023
4014986694;Pleurochaete squarrosa;2022
4014970751;Pleurochaete squarrosa;2022
4011879677;Pleurochaete squarrosa;2022
4011852980;Pleurochaete squarrosa;2022
4011786666;Pleurochaete squarrosa;2022
4011766023;Pleurochaete squarrosa;2022
4011710159;Pleurochaete squarrosa;2023
4011663274;Pleurochaete squarrosa;2023
4011650622;Pleurochaete squarrosa;2022
4011623854;Pleurochaete squarrosa;2022
4011607628;Pleurochaete squarrosa;2022
4011568903;Pleurochaete squarrosa;2022
4011547799;Pleurochaete squarrosa;2022
4009797654;Pleurochaete squarrosa;2022
4006777797;Pleurochaete squarrosa;2022
4006770132;Pleurochaete squarrosa;2022
4006746846;Pleurochaete squarrosa;2022
4006730075;Pleurochaete squarrosa;2022
4006656851;Pleurochaete squarrosa;2022
4006640824;Pleurochaete squarrosa;2022
4006598130;Pleurochaete squarrosa;2022
4006541985;Pleurochaete squarrosa;2022
4006516242;Pleurochaete squarrosa;2022
3994912457;Syntrichia ruralis;2010
3994912329;Syntrichia ruralis;2004
3994912304;Pleurochaete squarrosa;2015
3994912247;Syntrichia ruralis;2006
3994911929;Syntrichia ruralis;2011
3994911900;Syntrichia ruralis;2010
3994911862;Syntrichia ruralis;1989
3994911793;Syntrichia ruralis;2009
3994911455;Syntrichia ruralis;2003
3994368310;Pleurochaete squarrosa;2022
3994243091;Pleurochaete squarrosa;2022
3994229083;Pleurochaete squarrosa;2022
3994220984;Pleurochaete squarrosa;2022
3994191239;Pleurochaete squarrosa;2022
3994169704;Pleurochaete squarrosa;2022
3994150761;Syntrichia ruralis;2022
3994136242;Pleurochaete squarrosa;2022
3994124102;Pleurochaete squarrosa;2022
3994045692;Pleurochaete squarrosa;2022
3994043132;Pleurochaete squarrosa;2022
3992831611;Pleurochaete squarrosa;
3988807388;Syntrichia ruralis;2022
3988702303;Pleurochaete squarrosa;2022
3988642744;Pleurochaete squarrosa;2022
3988641018;Pleurochaete squarrosa;2022
3988640727;Pleurochaete squarrosa;2022
3988595371;Pleurochaete squarrosa;2011
3988589743;Pleurochaete squarrosa;2022
3988582733;Pleurochaete squarrosa;2022
3988528913;Pleurochaete squarrosa;2022
3988485748;Pleurochaete squarrosa;2022
3988482770;Pleurochaete squarrosa;2022
3988478780;Pleurochaete squarrosa;2022
3988445842;Pleurochaete squarrosa;2022
3988438037;Pleurochaete squarrosa;2022
3987167073;Pleurochaete squarrosa;
3987054794;Pleurochaete squarrosa;
3986319526;Pleurochaete squarrosa;2022
3986166443;Pleurochaete squarrosa;2022
3985961123;Pleurochaete squarrosa;2022
3985959427;Pleurochaete squarrosa;2022
3985955613;Pleurochaete squarrosa;2022
3985932535;Pleurochaete squarrosa;2022
3985924095;Pleurochaete squarrosa;2022
3985916185;Pleurochaete squarrosa;2022
3985878415;Pleurochaete squarrosa;2022
3985871980;Pleurochaete squarrosa;2021
3985848658;Pleurochaete squarrosa;2022
3985813088;Pleurochaete squarrosa;2022
3985805724;Pleurochaete squarrosa;2022
3985790208;Pleurochaete squarrosa;2022
3985667118;Pleurochaete squarrosa;2022
3966635010;Pleurochaete squarrosa;2022
3966533790;Pleurochaete squarrosa;2022
3966489206;Pleurochaete squarrosa;2022
3966468999;Syntrichia ruralis;2022
3966403199;Pleurochaete squarrosa;2022
3966368171;Pleurochaete squarrosa;2022
3963690603;Pleurochaete squarrosa;2017
3963438459;Pleurochaete squarrosa;2022
3963275285;Pleurochaete squarrosa;2022
3962819367;Homalothecium aureum;2015
3961137953;Syntrichia ruralis;2022
3948226328;Pleurochaete squarrosa;
3947678372;Pleurochaete squarrosa;2022
3947662670;Pleurochaete squarrosa;2022
3947629784;Pleurochaete squarrosa;2022
3947606636;Pleurochaete squarrosa;2022
3947600648;Pleurochaete squarrosa;2016
3947588697;Pleurochaete squarrosa;2022
3947364657;Pleurochaete squarrosa;2022
3947297467;Pleurochaete squarrosa;2022
3947170564;Syntrichia ruralis;2022
3947142947;Pleurochaete squarrosa;2022
3947090104;Pleurochaete squarrosa;2003
3923620961;Pleurochaete squarrosa;2022
3923540033;Pleurochaete squarrosa;2022
3915717359;Pleurochaete squarrosa;2022
3912479959;Pleurochaete squarrosa;2022
3902919716;Pleurochaete squarrosa;2022
3902644694;Pleurochaete squarrosa;2021
3902276744;Pleurochaete squarrosa;2022
3892489315;Pleurochaete squarrosa;2014
3889188348;Pleurochaete squarrosa;2021
3889166350;Pleurochaete squarrosa;2020
3889136353;Pleurochaete squarrosa;2020
3889085388;Pleurochaete squarrosa;2021
3889003344;Pleurochaete squarrosa;2021
3888847343;Pleurochaete squarrosa;2020
3888822347;Pleurochaete squarrosa;2020
3888816334;Pleurochaete squarrosa;2020
3888792343;Pleurochaete squarrosa;2020
3888753347;Pleurochaete squarrosa;2020
3888736336;Pleurochaete squarrosa;2020
3888731341;Pleurochaete squarrosa;2020
3873037417;Pleurochaete squarrosa;2020
3859685095;Pleurochaete squarrosa;2022
3858981107;Pleurochaete squarrosa;2022
3858435527;Pleurochaete squarrosa;2022
3858173427;Pleurochaete squarrosa;2019
3812258146;Syntrichia ruralis;1997
3812257941;Syntrichia ruralis;1982
3812257262;Syntrichia ruralis;1969
3812256981;Syntrichia ruralis;1980
3812256515;Syntrichia ruralis;1980
3812256101;Syntrichia ruralis;1984
3812255377;Syntrichia ruralis;1984
3812255051;Syntrichia ruralis;1985
3812255035;Syntrichia ruralis;
3812254804;Syntrichia ruralis;1973
3812254625;Syntrichia ruralis;1988
3812254489;Homalothecium aureum;2017
3812253649;Syntrichia ruralis;1984
3812253589;Syntrichia ruralis;1980
3812253220;Syntrichia ruralis;1976
3812252907;Syntrichia ruralis;1999
3812252542;Syntrichia ruralis;1976
3812251797;Syntrichia ruralis;1992
3812251787;Syntrichia ruralis;1976
3812251786;Syntrichia ruralis;
3812251584;Syntrichia ruralis;1972
3812251325;Homalothecium aureum;2017
3812251172;Syntrichia ruralis;1991
3812250975;Syntrichia ruralis;1969
3812250782;Syntrichia ruralis;1974
3812250471;Syntrichia ruralis;1997
3812250171;Syntrichia ruralis;1999
3812249919;Syntrichia ruralis;1991
3812249712;Syntrichia ruralis;2017
3812249419;Syntrichia ruralis;1984
3812249411;Syntrichia ruralis;1992
3812249137;Syntrichia ruralis;1979
3812249055;Syntrichia ruralis;1992
3812248543;Syntrichia ruralis;1985
3812247142;Syntrichia ruralis;2017
3812246551;Syntrichia ruralis;1997
3812246483;Syntrichia ruralis;
3812246025;Syntrichia ruralis;1983
3812245956;Syntrichia ruralis;1985
3812245506;Syntrichia ruralis;1983
3812245008;Syntrichia ruralis;1982
3812244799;Syntrichia ruralis;1985
3812244688;Syntrichia ruralis;1985
3812244569;Syntrichia ruralis;1970
3812243329;Syntrichia ruralis;1983
3812243192;Syntrichia ruralis;1983
3812243044;Syntrichia ruralis;1965
3812242030;Syntrichia ruralis;1976
3812241949;Syntrichia ruralis;1979
3812241692;Syntrichia ruralis;1991
3812240577;Syntrichia ruralis;2017
3812240254;Syntrichia ruralis;1983
3812240166;Syntrichia ruralis;1988
3812238846;Syntrichia ruralis;1971
3812238448;Syntrichia ruralis;1983
3812237901;Syntrichia ruralis;1975
3812237781;Syntrichia ruralis;1976
3803064309;Pleurochaete squarrosa;2010
3802699300;Pleurochaete squarrosa;2022
3802677979;Pleurochaete squarrosa;2022
3802634336;Pleurochaete squarrosa;2020
3802379653;Pleurochaete squarrosa;2022
3802275338;Pleurochaete squarrosa;2020
3785071355;Pleurochaete squarrosa;2021
3784946407;Pleurochaete squarrosa;2022
3784856581;Pleurochaete squarrosa;2022
3784773407;Pleurochaete squarrosa;2022
3784701374;Pleurochaete squarrosa;2022
3784696418;Pleurochaete squarrosa;2022
3773578838;Pleurochaete squarrosa;2022
3773323894;Syntrichia ruralis;2016
3773170854;Syntrichia ruralis;2022
3773149648;Pleurochaete squarrosa;2022
3772920158;Syntrichia ruralis;2022
3772888613;Pleurochaete squarrosa;2022
3772707491;Pleurochaete squarrosa;2021
3772668404;Pleurochaete squarrosa;2022
3764450002;Pleurochaete squarrosa;2022
3762975314;Syntrichia ruralis;1975
3762974315;Syntrichia ruralis;1976
3760373581;Pleurochaete squarrosa;2022
3760302502;Pleurochaete squarrosa;2022
3760190496;Pleurochaete squarrosa;2022
3760161771;Pleurochaete squarrosa;2022
3759980738;Syntrichia ruralis;2022
3759870153;Pleurochaete squarrosa;2022
3759740200;Pleurochaete squarrosa;2022
3759723486;Syntrichia ruralis;2022
3759490766;Syntrichia ruralis;2022
3759059839;Syntrichia ruralis;2022
3754080851;Homalothecium aureum;
3754063211;Homalothecium aureum;1928
3754059401;Homalothecium aureum;1928
3747393456;Pleurochaete squarrosa;2022
3747368436;Syntrichia ruralis;2022
3747344016;Pleurochaete squarrosa;2022
3747285200;Pleurochaete squarrosa;2022
3747209963;Pleurochaete squarrosa;2022
3747018500;Pleurochaete squarrosa;2022
3743306837;Pleurochaete squarrosa;2022
3743105794;Syntrichia ruralis;2022
3742982827;Pleurochaete squarrosa;2022
3712751821;Pleurochaete squarrosa;2022
3712739777;Pleurochaete squarrosa;2021
3712683623;Syntrichia ruralis;2022
3712518899;Syntrichia ruralis;2022
3712515609;Syntrichia ruralis;2022
3711589859;Syntrichia ruralis;
3705822586;Pleurochaete squarrosa;2022
3705818603;Pleurochaete squarrosa;2022
3705818272;Pleurochaete squarrosa;2022
3705811039;Syntrichia ruralis;2022
3705793188;Pleurochaete squarrosa;2022
3705771546;Pleurochaete squarrosa;2022
3705764787;Pleurochaete squarrosa;2022
3705756935;Pleurochaete squarrosa;2022
3705750678;Syntrichia ruralis;2022
3705747630;Pleurochaete squarrosa;2022
3705743747;Pleurochaete squarrosa;2022
3705742777;Syntrichia ruralis;2022
3705707047;Pleurochaete squarrosa;2022
3705692986;Pleurochaete squarrosa;2022
3705676808;Syntrichia ruralis;2022
3705607723;Pleurochaete squarrosa;2022
3705578040;Pleurochaete squarrosa;2022
3705573955;Pleurochaete squarrosa;2022
3705476979;Syntrichia ruralis;2022
3705452800;Syntrichia ruralis;2022
3705444655;Pleurochaete squarrosa;2022
3705403857;Pleurochaete squarrosa;2022
3499773381;Syntrichia ruralis;
3499771384;Pleurochaete squarrosa;1985
3499770387;Pleurochaete squarrosa;
3499574088;Pleurochaete squarrosa;2022
3469016659;Pleurochaete squarrosa;2022
3468854826;Pleurochaete squarrosa;2022
3467694303;Syntrichia ruralis;1998
3467366650;Homalothecium aureum;1975
3467357644;Homalothecium aureum;1824
3467355770;Homalothecium aureum;
3467350340;Homalothecium aureum;
3467328533;Homalothecium aureum;1915
3467298527;Homalothecium aureum;1975
3467290936;Homalothecium aureum;1975
3467238492;Syntrichia ruralis;1908
3467210298;Homalothecium aureum;1967
3467166364;Homalothecium aureum;1975
3467150359;Syntrichia ruralis;2003
3466508812;Syntrichia ruralis;2022
3466493409;Pleurochaete squarrosa;2022
3466384481;Pleurochaete squarrosa;2022
3466344101;Pleurochaete squarrosa;2022
3466293611;Syntrichia ruralis;2022
3466254098;Pleurochaete squarrosa;2022
3466243060;Pleurochaete squarrosa;2022
3466178892;Syntrichia ruralis;2022
3466161101;Pleurochaete squarrosa;2022
3466156569;Pleurochaete squarrosa;2022
3466148080;Pleurochaete squarrosa;2022
3465981852;Pleurochaete squarrosa;2022
3465928624;Pleurochaete squarrosa;2021
3465890717;Pleurochaete squarrosa;2022
3457117440;Pleurochaete squarrosa;2021
3457026583;Pleurochaete squarrosa;2021
3457025288;Pleurochaete squarrosa;2021
3456974096;Syntrichia ruralis;2021
3456951947;Pleurochaete squarrosa;2022
3456929213;Pleurochaete squarrosa;2022
3456904866;Pleurochaete squarrosa;2021
3456880874;Pleurochaete squarrosa;2021
3456694715;Pleurochaete squarrosa;2022
3456678770;Pleurochaete squarrosa;2021
3456588782;Syntrichia ruralis;2021
3456587896;Pleurochaete squarrosa;2022
3456585652;Pleurochaete squarrosa;2022
3456517539;Syntrichia ruralis;2021
3456511665;Pleurochaete squarrosa;2021
3456494800;Pleurochaete squarrosa;2022
3456482240;Pleurochaete squarrosa;2021
3456298390;Pleurochaete squarrosa;2022
3456201289;Pleurochaete squarrosa;2022
3456147887;Pleurochaete squarrosa;2021
3456055820;Pleurochaete squarrosa;2022
3455970330;Pleurochaete squarrosa;2021
3455969255;Pleurochaete squarrosa;2022
3455860755;Pleurochaete squarrosa;2022
3455759761;Pleurochaete squarrosa;2021
3455679057;Syntrichia ruralis;2021
3455555872;Pleurochaete squarrosa;2022
3455388100;Pleurochaete squarrosa;2021
3455330176;Pleurochaete squarrosa;2021
3455200061;Syntrichia ruralis;2021
3416212826;Pleurochaete squarrosa;2021
3416147021;Syntrichia ruralis;2021
3416086954;Pleurochaete squarrosa;2021
3416069329;Pleurochaete squarrosa;2021
3415992368;Pleurochaete squarrosa;2021
3415695648;Syntrichia ruralis;2021
3415567506;Pleurochaete squarrosa;2021
3415498237;Pleurochaete squarrosa;2021
3415453093;Pleurochaete squarrosa;2021
3408032174;Pleurochaete squarrosa;2021
3407998032;Syntrichia ruralis;2021
3407974218;Pleurochaete squarrosa;2021
3407897211;Pleurochaete squarrosa;2021
3399416218;Pleurochaete squarrosa;2021
3399313338;Pleurochaete squarrosa;2021
3398814522;Pleurochaete squarrosa;2021
3391712981;Pleurochaete squarrosa;2021
3384692946;Pleurochaete squarrosa;2021
3384041786;Pleurochaete squarrosa;2021
3355552424;Pleurochaete squarrosa;2021
3355481477;Pleurochaete squarrosa;2021
3355478448;Pleurochaete squarrosa;2021
3355457470;Pleurochaete squarrosa;2021
3355403563;Pleurochaete squarrosa;2021
3355344012;Pleurochaete squarrosa;2021
3349868649;Syntrichia ruralis;
3349686965;Pleurochaete squarrosa;
3349637990;Pleurochaete squarrosa;
3349625955;Pleurochaete squarrosa;
3349615855;Pleurochaete squarrosa;
3349446560;Syntrichia ruralis;
3346627424;Pleurochaete squarrosa;
3346266687;Pleurochaete squarrosa;
3328791078;Syntrichia ruralis;2004
3328791075;Homalothecium aureum;2006
3328791004;Homalothecium aureum;2005
3328790975;Homalothecium aureum;2006
3328790893;Syntrichia ruralis;2007
3328790840;Homalothecium aureum;2006
3328790725;Homalothecium aureum;2005
3328790690;Homalothecium aureum;2005
3328790650;Syntrichia ruralis;2005
3328790574;Homalothecium aureum;2006
3328790518;Syntrichia ruralis;2005
3328790308;Syntrichia ruralis;
3328790303;Homalothecium aureum;2015
3328790297;Homalothecium aureum;2005
3328790261;Homalothecium aureum;2005
3328790193;Homalothecium aureum;1984
3328790190;Homalothecium aureum;2007
3328790158;Homalothecium aureum;2005
3328790152;Homalothecium aureum;2005
3328790088;Homalothecium aureum;2006
3328789928;Homalothecium aureum;2005
3328789899;Homalothecium aureum;2005
3328789814;Homalothecium aureum;1973
3328789683;Syntrichia ruralis;1973
3328789665;Homalothecium aureum;2005
3328789600;Homalothecium aureum;1972
3328789594;Syntrichia ruralis;2006
3328789547;Homalothecium aureum;2005
3328789535;Syntrichia ruralis;2005
3328789480;Homalothecium aureum;2005
3328789420;Homalothecium aureum;2006
3328789410;Syntrichia ruralis;2007
3328789279;Syntrichia ruralis;2005
3328788991;Syntrichia ruralis;2004
3328788961;Syntrichia ruralis;2007
3328788886;Syntrichia ruralis;2004
3328788870;Homalothecium aureum;2006
3328788834;Syntrichia ruralis;2004
3328788774;Homalothecium aureum;2006
3328788729;Syntrichia ruralis;2005
3328788727;Syntrichia ruralis;2005
3328788628;Homalothecium aureum;2004
3328788610;Homalothecium aureum;1998
3328788532;Syntrichia ruralis;1972
3328788524;Syntrichia ruralis;2005
3328788430;Syntrichia ruralis;1984
3328788422;Syntrichia ruralis;2005
3328788351;Syntrichia ruralis;2005
3328788204;Syntrichia ruralis;2012
3328788142;Syntrichia ruralis;
3328787999;Syntrichia ruralis;2006
3328787826;Homalothecium aureum;2012
3328787778;Syntrichia ruralis;2005
3328787669;Homalothecium aureum;2006
3328787565;Syntrichia ruralis;1972
3328787387;Syntrichia ruralis;2006
3328787321;Homalothecium aureum;2006
3328787252;Homalothecium aureum;2005
3328787247;Homalothecium aureum;2006
3328787230;Homalothecium aureum;2007
3328786954;Syntrichia ruralis;
3328786927;Syntrichia ruralis;1972
3328786913;Syntrichia ruralis;2005
3328786848;Syntrichia ruralis;2005
3328786820;Homalothecium aureum;2006
3328786731;Homalothecium aureum;2006
3328786675;Homalothecium aureum;2004
3328786643;Homalothecium aureum;2006
3328786635;Homalothecium aureum;2005
3328786530;Homalothecium aureum;2007
3328786484;Homalothecium aureum;2006
3328786355;Homalothecium aureum;2006
3328786097;Homalothecium aureum;2005
3328786045;Homalothecium aureum;2006
3328786021;Homalothecium aureum;2005
3328786015;Syntrichia ruralis;2006
3328785968;Syntrichia ruralis;2005
3328785894;Homalothecium aureum;2006
3328785882;Syntrichia ruralis;2005
3328785842;Syntrichia ruralis;1973
3328785755;Homalothecium aureum;2006
3328785527;Syntrichia ruralis;2005
3328785520;Homalothecium aureum;2006
3328785500;Syntrichia ruralis;2005
3328785468;Homalothecium aureum;2005
3328785460;Syntrichia ruralis;1972
3328785417;Syntrichia ruralis;1971
3328785399;Syntrichia ruralis;2006
3328785210;Homalothecium aureum;2006
3328785179;Syntrichia ruralis;2006
3328785168;Syntrichia ruralis;2005
3328785111;Homalothecium aureum;2006
3328785020;Homalothecium aureum;2005
3328784863;Homalothecium aureum;2005
3328784643;Homalothecium aureum;2007
3328784640;Syntrichia ruralis;1972
3328784601;Homalothecium aureum;2006
3328784580;Homalothecium aureum;2006
3328784537;Syntrichia ruralis;1972
3328784377;Syntrichia ruralis;2011
3328784324;Syntrichia ruralis;2005
3328784278;Homalothecium aureum;2006
3328784198;Homalothecium aureum;2004
3328784183;Homalothecium aureum;2006
3328784006;Syntrichia ruralis;2005
3328783892;Syntrichia ruralis;2005
3328783862;Homalothecium aureum;2006
3328783717;Homalothecium aureum;2006
3328783428;Syntrichia ruralis;2007
3328783382;Syntrichia ruralis;2006
3328783342;Homalothecium aureum;2006
3328783226;Syntrichia ruralis;2005
3328783123;Homalothecium aureum;2007
3328782775;Syntrichia ruralis;1986
3328782701;Homalothecium aureum;2005
3328782561;Syntrichia ruralis;2005
3328782496;Homalothecium aureum;2006
3328782413;Syntrichia ruralis;2006
3328782389;Homalothecium aureum;2005
3328782187;Syntrichia ruralis;1972
3328782165;Syntrichia ruralis;2005
3328782120;Homalothecium aureum;2006
3328781887;Homalothecium aureum;2006
3328781881;Syntrichia ruralis;2007
3328781869;Syntrichia ruralis;2004
3328781866;Homalothecium aureum;2005
3328781755;Homalothecium aureum;2012
3328781733;Homalothecium aureum;2007
3328781697;Homalothecium aureum;
3328781539;Homalothecium aureum;2007
3328781275;Homalothecium aureum;2006
3328781242;Homalothecium aureum;2006
3328781084;Syntrichia ruralis;2007
3328780967;Syntrichia ruralis;2005
3328780952;Syntrichia ruralis;2007
3328780905;Homalothecium aureum;2007
3328780864;Homalothecium aureum;2005
3328780742;Homalothecium aureum;2004
3328780702;Homalothecium aureum;2006
3328780611;Syntrichia ruralis;2011
3328780603;Syntrichia ruralis;2005
3328780546;Homalothecium aureum;2005
3328780496;Syntrichia ruralis;2005
3328780415;Syntrichia ruralis;2005
3328780405;Homalothecium aureum;2006
3328780354;Syntrichia ruralis;2004
3328780185;Syntrichia ruralis;2011
3328780102;Syntrichia ruralis;1972
3328780100;Homalothecium aureum;2006
3328780063;Homalothecium aureum;2006
3328780062;Homalothecium aureum;2005
3328780061;Homalothecium aureum;2005
3328779982;Syntrichia ruralis;2005
3328779980;Syntrichia ruralis;1970
3328779898;Syntrichia ruralis;2005
3328779862;Homalothecium aureum;2006
3328779827;Homalothecium aureum;2006
3328779810;Homalothecium aureum;2007
3328779775;Syntrichia ruralis;2012
3328779638;Homalothecium aureum;2007
3328779531;Homalothecium aureum;2005
3328779480;Syntrichia ruralis;2007
3328779445;Syntrichia ruralis;2005
3328779385;Homalothecium aureum;2006
3328779375;Syntrichia ruralis;2012
3328779300;Homalothecium aureum;2004
3328779285;Syntrichia ruralis;2005
3328779230;Syntrichia ruralis;2005
3328779081;Homalothecium aureum;2005
3328778924;Homalothecium aureum;2005
3328778901;Syntrichia ruralis;2007
3328778795;Homalothecium aureum;2007
3328778790;Homalothecium aureum;2007
3328778759;Syntrichia ruralis;2004
3328778608;Homalothecium aureum;2004
3328778562;Homalothecium aureum;2007
3328778449;Homalothecium aureum;2004
3328778215;Syntrichia ruralis;2005
3328778196;Syntrichia ruralis;2007
3328778126;Syntrichia ruralis;2005
3328778085;Syntrichia ruralis;2005
3328778076;Syntrichia ruralis;2012
3328778011;Homalothecium aureum;2006
3328778002;Syntrichia ruralis;2005
3328777984;Homalothecium aureum;2007
3328777968;Syntrichia ruralis;2012
3328777797;Syntrichia ruralis;2005
3328777786;Syntrichia ruralis;2005
3328777768;Homalothecium aureum;2007
3328777718;Homalothecium aureum;2006
3328777659;Syntrichia ruralis;2004
3328777649;Syntrichia ruralis;2007
3328777643;Homalothecium aureum;2004
3328777537;Syntrichia ruralis;
3328777536;Homalothecium aureum;2005
3328777530;Syntrichia ruralis;2006
3328777445;Syntrichia ruralis;2005
3328777443;Homalothecium aureum;2007
3328777383;Homalothecium aureum;2006
3328777303;Syntrichia ruralis;2005
3319789341;Homalothecium aureum;1975
3310857302;Homalothecium aureum;1975
3310857301;Homalothecium aureum;1927
3307532881;Pleurochaete squarrosa;2021
3307466854;Pleurochaete squarrosa;2021
3302526248;Pleurochaete squarrosa;2021
3302086410;Pleurochaete squarrosa;2021
3302056333;Syntrichia ruralis;2021
3124924854;Syntrichia ruralis;2021
3124918869;Pleurochaete squarrosa;2021
3124780099;Pleurochaete squarrosa;2021
3124757323;Syntrichia ruralis;2021
3124637844;Syntrichia ruralis;2021
3124628267;Pleurochaete squarrosa;2021
3118381236;Pleurochaete squarrosa;2021
3118299334;Syntrichia ruralis;2021
3113458016;Pleurochaete squarrosa;2020
3113337235;Pleurochaete squarrosa;2021
3113320145;Pleurochaete squarrosa;2021
3113267114;Syntrichia ruralis;2021
3112756851;Pleurochaete squarrosa;2021
3112584000;Syntrichia ruralis;2021
3109260692;Pleurochaete squarrosa;2021
3109061882;Syntrichia ruralis;2021
3109028602;Pleurochaete squarrosa;2021
3097304675;Pleurochaete squarrosa;2021
3097048808;Pleurochaete squarrosa;2021
3090839255;Syntrichia ruralis;2021
3090526849;Pleurochaete squarrosa;2020
3079891630;Syntrichia ruralis;2021
3079887648;Pleurochaete squarrosa;2021
3079853569;Syntrichia ruralis;2021
3079842008;Pleurochaete squarrosa;2021
3079834651;Pleurochaete squarrosa;2021
3079829791;Pleurochaete squarrosa;2021
3079662050;Syntrichia ruralis;2021
3070684372;Pleurochaete squarrosa;2021
3070674487;Syntrichia ruralis;2021
3070671877;Pleurochaete squarrosa;2021
3070450276;Pleurochaete squarrosa;2021
3070306226;Pleurochaete squarrosa;2020
3068074070;Pleurochaete squarrosa;2018
3061738872;Pleurochaete squarrosa;2021
3061672037;Pleurochaete squarrosa;2021
3061657033;Pleurochaete squarrosa;2021
3059085327;Pleurochaete squarrosa;2021
3059069522;Pleurochaete squarrosa;2021
3058862419;Pleurochaete squarrosa;2021
3058776750;Pleurochaete squarrosa;2021
3058757891;Pleurochaete squarrosa;2021
3046177583;Homalothecium aureum;2019
3046173561;Homalothecium aureum;2019
3044956124;Pleurochaete squarrosa;2021
3044933674;Pleurochaete squarrosa;2021
3044905967;Pleurochaete squarrosa;2021
3044867154;Syntrichia ruralis;2021
3044819096;Pleurochaete squarrosa;2021
3044804044;Pleurochaete squarrosa;2021
3044796806;Pleurochaete squarrosa;2021
3044726770;Pleurochaete squarrosa;2021
3044695002;Syntrichia ruralis;2021
3044674130;Syntrichia ruralis;2021
3039456587;Syntrichia ruralis;2021
3039447079;Syntrichia ruralis;2021
3039421715;Pleurochaete squarrosa;2021
3039415688;Syntrichia ruralis;2021
3039233636;Syntrichia ruralis;2021
3039202896;Syntrichia ruralis;2021
3032072475;Pleurochaete squarrosa;2021
3031939008;Pleurochaete squarrosa;2021
3031906955;Pleurochaete squarrosa;2021
3031906638;Pleurochaete squarrosa;2021
3031823315;Pleurochaete squarrosa;2015
3031759455;Syntrichia ruralis;2021
3031716439;Pleurochaete squarrosa;2021
3031690145;Pleurochaete squarrosa;2021
3031645441;Pleurochaete squarrosa;2014
3018142742;Pleurochaete squarrosa;2020
3018129215;Syntrichia ruralis;2021
3018104719;Pleurochaete squarrosa;2020
3018001166;Pleurochaete squarrosa;2021
3017967772;Pleurochaete squarrosa;2020
3016522994;Pleurochaete squarrosa;1901
3016522990;Pleurochaete squarrosa;1901
3013983990;Pleurochaete squarrosa;2020
3013941391;Pleurochaete squarrosa;2019
3013899762;Pleurochaete squarrosa;2020
3013893018;Pleurochaete squarrosa;2020
3013890854;Pleurochaete squarrosa;2020
3013886664;Syntrichia ruralis;2020
3013870623;Pleurochaete squarrosa;2020
3013860733;Pleurochaete squarrosa;2020
3008557122;Syntrichia ruralis;2020
3008531112;Syntrichia ruralis;2020
3008391348;Pleurochaete squarrosa;2019
3008390780;Pleurochaete squarrosa;2020
3005153975;Pleurochaete squarrosa;2020
3005136829;Pleurochaete squarrosa;2020
2999124645;Syntrichia ruralis;2020
2992674043;Pleurochaete squarrosa;2020
2988671725;Pleurochaete squarrosa;2020
2988574183;Pleurochaete squarrosa;2020
2988571142;Pleurochaete squarrosa;2020
2988538125;Syntrichia ruralis;2020
2988528738;Pleurochaete squarrosa;2020
2988480259;Pleurochaete squarrosa;2020
2988315267;Pleurochaete squarrosa;2020
2984376009;Pleurochaete squarrosa;2020
2984355965;Pleurochaete squarrosa;2020
2980824911;Pleurochaete squarrosa;2020
2960601636;Homalothecium aureum;1998
2960601634;Syntrichia ruralis;2004
2960596024;Syntrichia ruralis;1999
2960595749;Syntrichia ruralis;1999
2960595031;Syntrichia ruralis;1999
2960594879;Syntrichia ruralis;2001
2960594834;Homalothecium aureum;1999
2960594758;Syntrichia ruralis;1999
2960594054;Syntrichia ruralis;2000
2960593851;Homalothecium aureum;1999
2960593609;Homalothecium aureum;1997
2960592867;Syntrichia ruralis;1990
2960592769;Syntrichia ruralis;1999
2960591733;Syntrichia ruralis;1999
2960590992;Syntrichia ruralis;1999
2960590716;Syntrichia ruralis;1999
2960590554;Homalothecium aureum;1997
2960589744;Syntrichia ruralis;1999
2960589034;Syntrichia ruralis;2000
2960589031;Syntrichia ruralis;2000
2960588824;Homalothecium aureum;1999
2960588755;Syntrichia ruralis;1999
2960588739;Homalothecium aureum;2000
2960588045;Syntrichia ruralis;2000
2960587841;Homalothecium aureum;2000
2960587765;Syntrichia ruralis;2000
2960587737;Homalothecium aureum;1996
2960587047;Syntrichia ruralis;2000
2960586892;Syntrichia ruralis;2001
2960586844;Homalothecium aureum;1999
2960586773;Syntrichia ruralis;2000
2960586606;Homalothecium aureum;1997
2960585886;Homalothecium aureum;1969
2960583193;Homalothecium aureum;1976
2960578038;Homalothecium aureum;1973
2960577014;Homalothecium aureum;1971
2960573628;Homalothecium aureum;1983
2960572508;Homalothecium aureum;1976
2960569610;Homalothecium aureum;1985
2960565940;Homalothecium aureum;1982
2960564932;Homalothecium aureum;1983
2960564419;Homalothecium aureum;1966
2960564250;Homalothecium aureum;1976
2960563927;Homalothecium aureum;1982
2960562941;Homalothecium aureum;1982
2960562770;Homalothecium aureum;1982
2960562260;Homalothecium aureum;1976
2960561919;Homalothecium aureum;1982
2960561913;Homalothecium aureum;1983
2960560946;Homalothecium aureum;1982
2960560940;Homalothecium aureum;1982
2960559238;Homalothecium aureum;1982
2960559073;Homalothecium aureum;1972
2960558941;Homalothecium aureum;1983
2960558916;Homalothecium aureum;1983
2960548575;Homalothecium aureum;2008
2960547595;Syntrichia ruralis;2008
2960545782;Homalothecium aureum;1999
2960545706;Homalothecium aureum;2000
2960544827;Syntrichia ruralis;1998
2960544740;Syntrichia ruralis;1999
2960543989;Syntrichia ruralis;1998
2960543796;Syntrichia ruralis;1999
2960543712;Syntrichia ruralis;2000
2960542809;Syntrichia ruralis;1998
2960542790;Homalothecium aureum;1998
2960542726;Syntrichia ruralis;2000
2960542001;Syntrichia ruralis;1999
2960541735;Syntrichia ruralis;1999
2960540898;Syntrichia ruralis;1988
2960540871;Homalothecium aureum;1990
2960540858;Syntrichia ruralis;1999
2960540842;Homalothecium aureum;1998
2960540764;Homalothecium aureum;2000
2960540609;Homalothecium aureum;1997
2960540074;Syntrichia ruralis;1998
2960540069;Syntrichia ruralis;1999
2960540057;Syntrichia ruralis;1999
2960539860;Homalothecium aureum;1999
2960539780;Homalothecium aureum;2000
2960538807;Syntrichia ruralis;1999
2960538806;Syntrichia ruralis;1999
2960538788;Homalothecium aureum;1999
2960538726;Syntrichia ruralis;2000
2960538712;Homalothecium aureum;1999
2960537862;Syntrichia ruralis;2001
2960537826;Syntrichia ruralis;1999
2960537809;Homalothecium aureum;1999
2960537732;Homalothecium aureum;2000
2960537026;Homalothecium aureum;2000
2960536810;Homalothecium aureum;1999
2960536728;Homalothecium aureum;1999
2960533971;Homalothecium aureum;1975
2960533868;Homalothecium aureum;1984
2960532993;Homalothecium aureum;1969
2960532881;Homalothecium aureum;1975
2960532002;Homalothecium aureum;1973
2960531899;Homalothecium aureum;1976
2960531405;Homalothecium aureum;1992
2960527328;Homalothecium aureum;1992
2960521231;Homalothecium aureum;1990
2960520494;Homalothecium aureum;1984
2960516155;Homalothecium aureum;1984
2960514219;Homalothecium aureum;1987
2960513928;Homalothecium aureum;1983
2960513145;Homalothecium aureum;1985
2960513144;Homalothecium aureum;1985
2960511719;Homalothecium aureum;1982
2960510756;Homalothecium aureum;1982
2960510152;Homalothecium aureum;1984
2960509152;Homalothecium aureum;1984
2960507147;Homalothecium aureum;1985
29488342;Syntrichia ruralis;1913
29488280;Syntrichia ruralis;1912
29488279;Syntrichia ruralis;1915
29488201;Syntrichia ruralis;
29488200;Syntrichia ruralis;1913
29487965;Syntrichia ruralis;
29487912;Syntrichia ruralis;1955
29487858;Syntrichia ruralis;
29487855;Syntrichia ruralis;
29487854;Syntrichia ruralis;
29487813;Syntrichia ruralis;
29487667;Syntrichia ruralis;2001
29487662;Syntrichia ruralis;2001
29487657;Syntrichia ruralis;
29487653;Syntrichia ruralis;2001
29487649;Syntrichia ruralis;2001
29487642;Syntrichia ruralis;2001
29487640;Syntrichia ruralis;2001
29487459;Syntrichia ruralis;1999
29487456;Syntrichia ruralis;1999
29487347;Syntrichia ruralis;1999
29487049;Syntrichia ruralis;1980
29486824;Syntrichia ruralis;1990
29486821;Syntrichia ruralis;
29486819;Syntrichia ruralis;1991
29486817;Syntrichia ruralis;
29486815;Syntrichia ruralis;
29486813;Syntrichia ruralis;
29486811;Syntrichia ruralis;
29486809;Syntrichia ruralis;
29486808;Syntrichia ruralis;
29486806;Syntrichia ruralis;
29486801;Syntrichia ruralis;1990
29486799;Syntrichia ruralis;
29486797;Syntrichia ruralis;
29486795;Syntrichia ruralis;
29486793;Syntrichia ruralis;
29486582;Syntrichia ruralis;
29485953;Syntrichia ruralis;
29485903;Syntrichia ruralis;1913
29484777;Syntrichia ruralis;1989
29484772;Syntrichia ruralis;1989
29484730;Pleurochaete squarrosa;1912
29484686;Syntrichia ruralis;1976
29484685;Syntrichia ruralis;1976
29484425;Syntrichia ruralis;1976
29484386;Syntrichia ruralis;1955
29484344;Syntrichia ruralis;1942
29484324;Syntrichia ruralis;1980
29484048;Syntrichia ruralis;2004
29483952;Syntrichia ruralis;2004
29483943;Syntrichia ruralis;2003
29483740;Syntrichia ruralis;1999
29482750;Syntrichia ruralis;1976
29482745;Syntrichia ruralis;1976
29482510;Syntrichia ruralis;1971
29482507;Syntrichia ruralis;1996
29482455;Syntrichia ruralis;1992
29482451;Syntrichia ruralis;1982
29482447;Syntrichia ruralis;1992
29482442;Syntrichia ruralis;1982
29482309;Syntrichia ruralis;1985
29482194;Pleurochaete squarrosa;1915
29482192;Pleurochaete squarrosa;1912
29469532;Syntrichia ruralis;
29444569;Homalothecium aureum;
29444549;Homalothecium aureum;1912
29444523;Homalothecium aureum;1976
29444482;Homalothecium aureum;1933
29444479;Homalothecium aureum;1933
29444446;Homalothecium aureum;1976
29444348;Homalothecium aureum;1802
29444347;Homalothecium aureum;1948
29444346;Homalothecium aureum;1951
29444345;Homalothecium aureum;1948
29443522;Homalothecium aureum;
29443369;Homalothecium aureum;
29443319;Homalothecium aureum;
29443126;Homalothecium aureum;
29442967;Homalothecium aureum;1972
29442961;Homalothecium aureum;1996
29442960;Homalothecium aureum;1996
29442859;Homalothecium aureum;1986
29441775;Homalothecium aureum;1989
29441734;Homalothecium aureum;1912
29441731;Homalothecium aureum;1911
29441729;Homalothecium aureum;1912
29441309;Homalothecium aureum;1928
29441251;Homalothecium aureum;1996
29441249;Homalothecium aureum;1996
29441241;Homalothecium aureum;1976
29441166;Homalothecium aureum;1998
29441165;Homalothecium aureum;1999
29441164;Homalothecium aureum;1999
29441163;Homalothecium aureum;1999
29441162;Homalothecium aureum;1999
29441161;Homalothecium aureum;1999
29441160;Homalothecium aureum;1999
29441158;Homalothecium aureum;1998
29440732;Homalothecium aureum;
29440638;Homalothecium aureum;
29440466;Homalothecium aureum;1976
29413750;Homalothecium aureum;1915
29413703;Homalothecium aureum;1912
29413702;Homalothecium aureum;1912
29413701;Homalothecium aureum;1913
29413700;Homalothecium aureum;
29409010;Homalothecium aureum;1947
29404946;Syntrichia ruralis;1945
29404945;Syntrichia ruralis;
29403950;Syntrichia ruralis;
29403940;Syntrichia ruralis;1911
2901800057;Syntrichia ruralis;2018
2901696748;Syntrichia ruralis;2019
2901676061;Pleurochaete squarrosa;2019
2901610030;Pleurochaete squarrosa;2019
2901591066;Pleurochaete squarrosa;2020
2901588737;Pleurochaete squarrosa;2019
2901553031;Pleurochaete squarrosa;2018
2901544716;Pleurochaete squarrosa;2019
2901534046;Pleurochaete squarrosa;2018
2901504726;Pleurochaete squarrosa;2019
2883428938;Homalothecium aureum;2015
2883428889;Homalothecium aureum;2015
2883428705;Homalothecium aureum;2014
2883428565;Homalothecium aureum;2014
2883428554;Homalothecium aureum;2011
2883428224;Homalothecium aureum;2015
2883428162;Homalothecium aureum;2014
2883428087;Homalothecium aureum;2015
2883427985;Homalothecium aureum;2011
2883427631;Homalothecium aureum;2011
2883427514;Homalothecium aureum;2012
2883427508;Homalothecium aureum;2012
2883427383;Homalothecium aureum;2015
2883427352;Homalothecium aureum;2011
2883427273;Homalothecium aureum;2011
2883427242;Homalothecium aureum;2012
2883427091;Homalothecium aureum;2015
2883426997;Homalothecium aureum;2011
2883426962;Homalothecium aureum;2011
2883426897;Homalothecium aureum;2011
2883426539;Homalothecium aureum;2014
2883426373;Homalothecium aureum;2011
2883426339;Homalothecium aureum;2012
2883426152;Homalothecium aureum;2011
2883425541;Homalothecium aureum;2015
2883425420;Homalothecium aureum;2011
2883425340;Homalothecium aureum;2011
2883424480;Homalothecium aureum;2014
2883424445;Homalothecium aureum;2011
2883424138;Homalothecium aureum;2011
2883424076;Homalothecium aureum;2011
2883424033;Homalothecium aureum;2012
2883423542;Homalothecium aureum;2012
2883423339;Homalothecium aureum;2015
2883423193;Homalothecium aureum;2011
2883423085;Homalothecium aureum;2014
2883422972;Homalothecium aureum;2011
2883422317;Homalothecium aureum;2011
2883422312;Homalothecium aureum;2011
2883422064;Homalothecium aureum;2015
2883422032;Homalothecium aureum;2012
2883421902;Homalothecium aureum;2014
2883421815;Homalothecium aureum;2012
2883421624;Homalothecium aureum;2014
2883421617;Homalothecium aureum;2014
2883421565;Homalothecium aureum;2012
2883421385;Homalothecium aureum;2014
2883421274;Homalothecium aureum;2011
2883421029;Homalothecium aureum;2011
2883421008;Homalothecium aureum;2012
2883420699;Homalothecium aureum;2012
2868172815;Pleurochaete squarrosa;2020
2868160415;Pleurochaete squarrosa;2020
2868117188;Syntrichia ruralis;2020
2862503343;Pleurochaete squarrosa;2019
2856768738;Pleurochaete squarrosa;2020
2856670745;Pleurochaete squarrosa;2020
2828266939;Syntrichia ruralis;1990
2817146491;Homalothecium aureum;2012
2817146471;Homalothecium aureum;2011
2817146125;Homalothecium aureum;2014
2817145773;Homalothecium aureum;2013
2817145626;Homalothecium aureum;2012
2817145453;Homalothecium aureum;2014
2817144650;Homalothecium aureum;2012
2817144488;Homalothecium aureum;2015
2817143536;Homalothecium aureum;2014
2817142947;Homalothecium aureum;2013
2817142208;Homalothecium aureum;2013
2817142087;Homalothecium aureum;2012
2817140337;Homalothecium aureum;2014
2817140186;Homalothecium aureum;2015
2817140162;Homalothecium aureum;2012
2817140133;Homalothecium aureum;2013
2817139585;Homalothecium aureum;
2817139109;Homalothecium aureum;2014
2817138795;Homalothecium aureum;2013
2817138373;Homalothecium aureum;2013
2817138294;Homalothecium aureum;2012
2817137444;Homalothecium aureum;2013
2817137138;Homalothecium aureum;2015
2817137092;Homalothecium aureum;2015
2817136786;Homalothecium aureum;2015
2817135618;Homalothecium aureum;2011
2817135526;Homalothecium aureum;2012
2817135395;Homalothecium aureum;2011
2817135208;Homalothecium aureum;2014
2817134949;Homalothecium aureum;2011
2817134902;Homalothecium aureum;2015
2817134288;Homalothecium aureum;2011
2817134247;Homalothecium aureum;2011
2817133984;Homalothecium aureum;2013
2817133719;Homalothecium aureum;2012
2817133390;Homalothecium aureum;2013
2817133332;Homalothecium aureum;2014
2817132919;Homalothecium aureum;2012
2817132678;Homalothecium aureum;2014
2817132195;Homalothecium aureum;2011
2817131571;Homalothecium aureum;2012
2817131375;Homalothecium aureum;2013
2817131293;Homalothecium aureum;2014
2817131165;Homalothecium aureum;2013
2817131073;Homalothecium aureum;2012
2817131024;Homalothecium aureum;2014
2817130995;Homalothecium aureum;2014
2817130620;Homalothecium aureum;2015
2817130583;Homalothecium aureum;2012
2817130500;Homalothecium aureum;2015
2817130449;Homalothecium aureum;2013
2817129910;Homalothecium aureum;2014
2817128881;Homalothecium aureum;2011
2817128044;Homalothecium aureum;2015
2817127825;Homalothecium aureum;2011
2817127225;Homalothecium aureum;2012
2817126975;Homalothecium aureum;2011
2817126585;Homalothecium aureum;2013
2817126041;Homalothecium aureum;2013
2817125384;Homalothecium aureum;2011
2817125292;Homalothecium aureum;2011
2817124363;Homalothecium aureum;2013
2817124331;Homalothecium aureum;2013
2817124244;Homalothecium aureum;2014
2817123828;Homalothecium aureum;2012
2817123591;Homalothecium aureum;2015
2817122795;Homalothecium aureum;2013
2817122793;Homalothecium aureum;2011
2817122661;Homalothecium aureum;2012
2817122293;Homalothecium aureum;2011
2817122280;Homalothecium aureum;2011
2817122116;Homalothecium aureum;2011
2817121240;Homalothecium aureum;2011
2817120541;Homalothecium aureum;2015
2817120455;Homalothecium aureum;2012
2817120355;Homalothecium aureum;2014
2817120126;Homalothecium aureum;2015
2817119636;Homalothecium aureum;2014
2817118340;Homalothecium aureum;2015
2817117886;Homalothecium aureum;2014
2817116825;Homalothecium aureum;2015
2817116010;Homalothecium aureum;2015
2817115451;Homalothecium aureum;2015
2817114729;Homalothecium aureum;2012
2817114627;Homalothecium aureum;2014
2803324928;Homalothecium aureum;
2628905310;Syntrichia ruralis;2018
2603526425;Pleurochaete squarrosa;2020
2603355909;Pleurochaete squarrosa;2019
2598858124;Syntrichia ruralis;1969
2598857729;Homalothecium aureum;1969
2598845146;Syntrichia ruralis;1968
2598841851;Syntrichia ruralis;1881
2598836122;Syntrichia ruralis;1965
2598833004;Syntrichia ruralis;
2598827893;Syntrichia ruralis;1967
2598815247;Syntrichia ruralis;1880
2598812255;Syntrichia ruralis;1879
2598802727;Syntrichia ruralis;1966
2598795482;Syntrichia ruralis;1965
2580140058;Syntrichia ruralis;2020
2578940069;Homalothecium aureum;2010
2578940016;Homalothecium aureum;2012
2578940007;Homalothecium aureum;2010
2578939965;Syntrichia ruralis;2010
2578939919;Homalothecium aureum;2010
2578939910;Homalothecium aureum;2010
2578939834;Homalothecium aureum;2010
2578939833;Homalothecium aureum;2010
2578939809;Homalothecium aureum;2010
2578939790;Homalothecium aureum;2010
2578939778;Homalothecium aureum;2010
2578939765;Syntrichia ruralis;2010
2578939729;Syntrichia ruralis;2010
2578939715;Syntrichia ruralis;2011
2578939690;Syntrichia ruralis;2011
2578939682;Homalothecium aureum;2010
2578939661;Syntrichia ruralis;2010
2578939565;Syntrichia ruralis;2011
2578939523;Homalothecium aureum;2009
2578939521;Homalothecium aureum;2013
2578939434;Homalothecium aureum;2012
2578939430;Syntrichia ruralis;2010
2578939369;Homalothecium aureum;2010
2578939340;Syntrichia ruralis;2010
2578939301;Syntrichia ruralis;2010
2578939221;Homalothecium aureum;2010
2578939216;Syntrichia ruralis;2010
2578939214;Homalothecium aureum;2010
2578939169;Homalothecium aureum;2010
2578939145;Homalothecium aureum;2010
2578939103;Syntrichia ruralis;2010
2578939099;Homalothecium aureum;2009
2578939086;Homalothecium aureum;2010
2578939053;Syntrichia ruralis;2010
2578939047;Homalothecium aureum;2011
2578939002;Homalothecium aureum;2010
2578938981;Homalothecium aureum;2010
2578938950;Homalothecium aureum;2011
2578938937;Homalothecium aureum;2011
2578938931;Syntrichia ruralis;2011
2578938924;Homalothecium aureum;2010
2578938885;Homalothecium aureum;2010
2578938859;Homalothecium aureum;2011
2578938855;Homalothecium aureum;2010
2578938825;Homalothecium aureum;2010
2578938812;Syntrichia ruralis;2010
2574020779;Pleurochaete squarrosa;2020
2563536192;Pleurochaete squarrosa;2020
2517586414;Syntrichia ruralis;1951
2517559387;Syntrichia ruralis;1967
2517307481;Syntrichia ruralis;1959
2517298365;Syntrichia ruralis;1951
2515709064;Syntrichia ruralis;1951
2515551723;Syntrichia ruralis;1966
2513260136;Syntrichia ruralis;
2513257843;Syntrichia ruralis;1982
2513256938;Syntrichia ruralis;1982
2513228149;Syntrichia ruralis;1993
2513227272;Syntrichia ruralis;1982
2513227112;Syntrichia ruralis;1982
2513226245;Syntrichia ruralis;1982
2513201668;Syntrichia ruralis;1975
2429303545;Pleurochaete squarrosa;2019
2397504778;Pleurochaete squarrosa;2019
235569674;Syntrichia ruralis;
235569625;Syntrichia ruralis;
235569613;Syntrichia ruralis;
235569560;Syntrichia ruralis;
235569548;Syntrichia ruralis;
235569532;Syntrichia ruralis;1976
235569528;Syntrichia ruralis;1976
235569483;Syntrichia ruralis;1984
2330760019;Syntrichia ruralis;2019
2268908997;Syntrichia ruralis;1975
2268908996;Syntrichia ruralis;1975
2268908313;Syntrichia ruralis;1975
225945310;Syntrichia ruralis;1997
225945236;Syntrichia ruralis;1985
225945218;Syntrichia ruralis;1995
225945152;Syntrichia ruralis;
225945151;Syntrichia ruralis;1971
225945150;Syntrichia ruralis;1972
225945148;Syntrichia ruralis;1974
225945147;Syntrichia ruralis;1991
225945146;Syntrichia ruralis;1970
225943967;Homalothecium aureum;1984
225943161;Homalothecium aureum;1973
225943160;Homalothecium aureum;1972
225943159;Homalothecium aureum;1971
214476185;Syntrichia ruralis;2007
214476169;Syntrichia ruralis;1985
214476104;Syntrichia ruralis;2004
214476087;Syntrichia ruralis;2004
214476079;Syntrichia ruralis;2004
214476063;Syntrichia ruralis;2004
214476049;Syntrichia ruralis;2004
214476044;Syntrichia ruralis;2004
214476001;Syntrichia ruralis;1999
214475990;Syntrichia ruralis;1982
214475944;Syntrichia ruralis;1978
214475933;Syntrichia ruralis;1991
214475914;Syntrichia ruralis;1989
214475913;Syntrichia ruralis;1989
214475912;Syntrichia ruralis;1989
214475878;Syntrichia ruralis;1986
214475841;Syntrichia ruralis;1977
214475809;Syntrichia ruralis;
214475808;Syntrichia ruralis;
214475804;Syntrichia ruralis;1978
214475803;Syntrichia ruralis;1978
214475800;Syntrichia ruralis;1970
214474250;Homalothecium aureum;1976
214473781;Homalothecium aureum;1984
214446437;Homalothecium aureum;1998
214446435;Homalothecium aureum;1996
214446369;Homalothecium aureum;1974
214446290;Homalothecium aureum;1976
214408199;Syntrichia ruralis;1987
214408198;Syntrichia ruralis;1987
214408183;Syntrichia ruralis;1974
214408182;Syntrichia ruralis;1975
214408181;Syntrichia ruralis;1969
214408115;Syntrichia ruralis;2001
214408110;Syntrichia ruralis;2001
214408109;Syntrichia ruralis;2001
214407861;Syntrichia ruralis;2004
214407840;Syntrichia ruralis;1999
214407798;Syntrichia ruralis;2006
214407796;Syntrichia ruralis;2006
214407787;Syntrichia ruralis;2006
214407784;Syntrichia ruralis;2006
214407778;Syntrichia ruralis;2006
214407773;Syntrichia ruralis;2006
214407770;Syntrichia ruralis;2005
214407766;Syntrichia ruralis;2004
214407740;Syntrichia ruralis;1978
214407737;Syntrichia ruralis;2004
214407735;Syntrichia ruralis;2005
214407731;Syntrichia ruralis;2004
214407729;Syntrichia ruralis;2004
214407636;Syntrichia ruralis;1986
214407635;Syntrichia ruralis;1986
214407608;Syntrichia ruralis;1991
214407598;Syntrichia ruralis;1988
212096303;Homalothecium aureum;
212096274;Homalothecium aureum;
212096161;Homalothecium aureum;
212096151;Homalothecium aureum;2009
212096121;Homalothecium aureum;
2006064517;Pleurochaete squarrosa;2019
2005343685;Syntrichia ruralis;2019
1987806660;Syntrichia ruralis;
1978852472;Pleurochaete squarrosa;2018
1931121768;Syntrichia ruralis;2012
1930309939;Homalothecium aureum;2014
1929595683;Syntrichia ruralis;2009
1929360652;Syntrichia ruralis;2009
1919168681;Pleurochaete squarrosa;1996
1919168672;Pleurochaete squarrosa;1996
1919168086;Pleurochaete squarrosa;1996
1919167600;Pleurochaete squarrosa;1996
1919167049;Pleurochaete squarrosa;1996
1919166991;Pleurochaete squarrosa;1996
1919152223;Pleurochaete squarrosa;1996
1919151710;Pleurochaete squarrosa;1996
1919151663;Pleurochaete squarrosa;1996
1919151142;Pleurochaete squarrosa;1996
1919151114;Pleurochaete squarrosa;1996
1919151081;Pleurochaete squarrosa;1996
1919047592;Pleurochaete squarrosa;1973
1919047572;Pleurochaete squarrosa;1973
1919047570;Pleurochaete squarrosa;1973
1919047549;Pleurochaete squarrosa;1973
1919047542;Pleurochaete squarrosa;1992
1919047418;Pleurochaete squarrosa;1992
1919047416;Pleurochaete squarrosa;1992
1919047412;Pleurochaete squarrosa;1992
1919047403;Pleurochaete squarrosa;1992
1919047388;Pleurochaete squarrosa;1937
1919047386;Pleurochaete squarrosa;1992
1919047374;Pleurochaete squarrosa;1992
1919047367;Pleurochaete squarrosa;1992
1919047354;Pleurochaete squarrosa;1973
1919047332;Pleurochaete squarrosa;1992
1919047331;Pleurochaete squarrosa;1973
1919047330;Pleurochaete squarrosa;1973
1919047320;Pleurochaete squarrosa;1973
1919047319;Pleurochaete squarrosa;1973
1919047309;Pleurochaete squarrosa;1973
1919047302;Pleurochaete squarrosa;1973
1919047299;Pleurochaete squarrosa;1973
1919047297;Pleurochaete squarrosa;1973
1919047291;Pleurochaete squarrosa;1973
1919047288;Pleurochaete squarrosa;1973
1919047285;Pleurochaete squarrosa;1973
1919047258;Pleurochaete squarrosa;1973
1919047036;Pleurochaete squarrosa;1973
1919046902;Pleurochaete squarrosa;1992
1919046894;Pleurochaete squarrosa;1992
1919046891;Pleurochaete squarrosa;1992
1919046882;Pleurochaete squarrosa;1992
1919046878;Pleurochaete squarrosa;1992
1919046872;Pleurochaete squarrosa;1992
1919046868;Pleurochaete squarrosa;1973
1919046866;Pleurochaete squarrosa;1973
1919046865;Pleurochaete squarrosa;1973
1919046854;Pleurochaete squarrosa;1992
1919046852;Pleurochaete squarrosa;1973
1919046850;Pleurochaete squarrosa;1973
1919046849;Pleurochaete squarrosa;1973
1919046845;Pleurochaete squarrosa;1992
1919046844;Pleurochaete squarrosa;1973
1919046842;Pleurochaete squarrosa;1973
1919046840;Pleurochaete squarrosa;1973
1919046839;Pleurochaete squarrosa;1973
1919046837;Pleurochaete squarrosa;1973
1919046836;Pleurochaete squarrosa;1992
1919046835;Pleurochaete squarrosa;1973
1919046833;Pleurochaete squarrosa;1973
1919046832;Pleurochaete squarrosa;1973
1919046827;Pleurochaete squarrosa;1992
1919046822;Pleurochaete squarrosa;1973
1919046820;Pleurochaete squarrosa;1973
1919046819;Pleurochaete squarrosa;1973
1919046817;Pleurochaete squarrosa;1973
1919046813;Pleurochaete squarrosa;1973
1919046808;Pleurochaete squarrosa;1973
1919046805;Pleurochaete squarrosa;1973
1919046803;Pleurochaete squarrosa;1973
1919046800;Pleurochaete squarrosa;1973
1919046797;Pleurochaete squarrosa;1973
1919046783;Pleurochaete squarrosa;1973
1919046780;Pleurochaete squarrosa;1973
1919046589;Pleurochaete squarrosa;1973
1919046546;Pleurochaete squarrosa;1973
1919046363;Pleurochaete squarrosa;1992
1919046356;Pleurochaete squarrosa;1992
1919046352;Pleurochaete squarrosa;1992
1919046337;Pleurochaete squarrosa;1992
1919046331;Pleurochaete squarrosa;1973
1919046326;Pleurochaete squarrosa;1973
1919046325;Pleurochaete squarrosa;1973
1919046322;Pleurochaete squarrosa;1973
1919046321;Pleurochaete squarrosa;1973
1919046319;Pleurochaete squarrosa;1992
1919046315;Pleurochaete squarrosa;1973
1919046310;Pleurochaete squarrosa;1973
1919046308;Pleurochaete squarrosa;1992
1919046307;Pleurochaete squarrosa;1973
1919046300;Pleurochaete squarrosa;1973
1919046295;Pleurochaete squarrosa;1973
1919046294;Pleurochaete squarrosa;1992
1919046293;Pleurochaete squarrosa;1973
1919046287;Pleurochaete squarrosa;1973
1919045834;Pleurochaete squarrosa;1992
1919045822;Pleurochaete squarrosa;1992
1919045805;Pleurochaete squarrosa;1992
1919045794;Pleurochaete squarrosa;1992
1919045780;Pleurochaete squarrosa;1973
1838161468;Pleurochaete squarrosa;2001
1837740520;Pleurochaete squarrosa;2018
1831165833;Pleurochaete squarrosa;2018
1831165829;Pleurochaete squarrosa;2018
1802614341;Pleurochaete squarrosa;2017
178316039;Syntrichia ruralis;
178316035;Syntrichia ruralis;
178316031;Syntrichia ruralis;
178316030;Syntrichia ruralis;
178316025;Pleurochaete squarrosa;
178316024;Pleurochaete squarrosa;
178316023;Syntrichia ruralis;
178316019;Syntrichia ruralis;
178316012;Syntrichia ruralis;
178316009;Syntrichia ruralis;
178316001;Syntrichia ruralis;
178315999;Syntrichia ruralis;
178315998;Syntrichia ruralis;
178315995;Syntrichia ruralis;
178315989;Syntrichia ruralis;
178315987;Syntrichia ruralis;
178315979;Syntrichia ruralis;
178315977;Syntrichia ruralis;
178315976;Syntrichia ruralis;
178315973;Syntrichia ruralis;
178315970;Pleurochaete squarrosa;
178315953;Pleurochaete squarrosa;
178315952;Pleurochaete squarrosa;
178315950;Pleurochaete squarrosa;
178315947;Pleurochaete squarrosa;
178315943;Syntrichia ruralis;
178315942;Syntrichia ruralis;
178315938;Syntrichia ruralis;
178315937;Syntrichia ruralis;
178315933;Syntrichia ruralis;
178315932;Syntrichia ruralis;
178315929;Syntrichia ruralis;
178315927;Syntrichia ruralis;
178315925;Syntrichia ruralis;
178315920;Syntrichia ruralis;
178315904;Pleurochaete squarrosa;
178315903;Syntrichia ruralis;
178315901;Pleurochaete squarrosa;
178315899;Pleurochaete squarrosa;
178315894;Syntrichia ruralis;
178315892;Syntrichia ruralis;
178315891;Syntrichia ruralis;
178315889;Syntrichia ruralis;
178315888;Syntrichia ruralis;
178315886;Syntrichia ruralis;
178315883;Syntrichia ruralis;
178315878;Syntrichia ruralis;
178315875;Syntrichia ruralis;
178315873;Pleurochaete squarrosa;
178315869;Syntrichia ruralis;
178315868;Pleurochaete squarrosa;
178315866;Syntrichia ruralis;
178315864;Pleurochaete squarrosa;
178315860;Syntrichia ruralis;
178315858;Syntrichia ruralis;
178315856;Syntrichia ruralis;
178315855;Syntrichia ruralis;
178315853;Syntrichia ruralis;
178315852;Syntrichia ruralis;
178315849;Syntrichia ruralis;
178315848;Syntrichia ruralis;
178315846;Pleurochaete squarrosa;
178315845;Pleurochaete squarrosa;
178315844;Syntrichia ruralis;
178315843;Pleurochaete squarrosa;
178315834;Syntrichia ruralis;
178315827;Pleurochaete squarrosa;
178315826;Syntrichia ruralis;
178315823;Pleurochaete squarrosa;
178315822;Pleurochaete squarrosa;
178315821;Pleurochaete squarrosa;
178315819;Pleurochaete squarrosa;
178315813;Syntrichia ruralis;
178315808;Pleurochaete squarrosa;
178315806;Pleurochaete squarrosa;
178315804;Pleurochaete squarrosa;
178315803;Pleurochaete squarrosa;
178315801;Pleurochaete squarrosa;
178315800;Syntrichia ruralis;
178315798;Syntrichia ruralis;
178315785;Pleurochaete squarrosa;
178315779;Syntrichia ruralis;
178315745;Pleurochaete squarrosa;
178315744;Syntrichia ruralis;
178315743;Syntrichia ruralis;
178315742;Syntrichia ruralis;
178315731;Syntrichia ruralis;
178315725;Syntrichia ruralis;
178315156;Homalothecium aureum;
178315154;Homalothecium aureum;
178315153;Homalothecium aureum;
178315149;Homalothecium aureum;
178315086;Homalothecium aureum;
178315079;Homalothecium aureum;
178315077;Homalothecium aureum;
178315075;Homalothecium aureum;
178315067;Homalothecium aureum;
178315064;Homalothecium aureum;
178315049;Homalothecium aureum;
178315041;Homalothecium aureum;
178315027;Homalothecium aureum;
178315007;Homalothecium aureum;
178314995;Homalothecium aureum;
178314991;Homalothecium aureum;
178314962;Homalothecium aureum;
178314961;Homalothecium aureum;
178314956;Homalothecium aureum;
178314946;Homalothecium aureum;
178314941;Homalothecium aureum;
178314940;Homalothecium aureum;
178314928;Homalothecium aureum;
178314926;Homalothecium aureum;
178314894;Homalothecium aureum;
178314890;Homalothecium aureum;
178314881;Homalothecium aureum;
178314865;Homalothecium aureum;
178314846;Homalothecium aureum;
178314842;Homalothecium aureum;
178314831;Homalothecium aureum;
178314829;Homalothecium aureum;
178314827;Homalothecium aureum;
178314826;Homalothecium aureum;
178314781;Homalothecium aureum;
178314778;Homalothecium aureum;
178314768;Homalothecium aureum;
178314758;Homalothecium aureum;
1701957495;Syntrichia ruralis;1988
1701957477;Syntrichia ruralis;
1701957213;Homalothecium aureum;1984
1701957208;Syntrichia ruralis;1970
1701956503;Syntrichia ruralis;1982
1701955443;Syntrichia ruralis;
1701955268;Syntrichia ruralis;1984
1701954999;Syntrichia ruralis;1977
1701954601;Syntrichia ruralis;1991
1701954229;Syntrichia ruralis;1989
1697910667;Homalothecium aureum;
1587258915;Homalothecium aureum;
1563116997;Homalothecium aureum;2016
1501754913;Homalothecium aureum;1996
1501754911;Homalothecium aureum;1996
1501754910;Homalothecium aureum;1996
1501754905;Homalothecium aureum;1996
1501754902;Homalothecium aureum;1996
1501754899;Homalothecium aureum;1996
1501754896;Homalothecium aureum;1996
1501754895;Homalothecium aureum;1996
1501754894;Homalothecium aureum;1996
1501754893;Homalothecium aureum;1996
1501754890;Homalothecium aureum;1996
1501754888;Homalothecium aureum;1996
1501754887;Homalothecium aureum;1996
1501754886;Homalothecium aureum;1996
1501754884;Homalothecium aureum;1996
1501754882;Homalothecium aureum;1996
1501754881;Homalothecium aureum;1996
1501754880;Homalothecium aureum;1996
1501754877;Homalothecium aureum;1996
1501754876;Homalothecium aureum;1996
1501754875;Homalothecium aureum;1996
1501754874;Homalothecium aureum;1996
1501754872;Homalothecium aureum;1996
1501754859;Homalothecium aureum;1996
1501222391;Homalothecium aureum;2012
1501221554;Homalothecium aureum;2012
1501221514;Homalothecium aureum;2012
1500966666;Homalothecium aureum;2009
1500747152;Syntrichia ruralis;2007
1500690872;Syntrichia ruralis;2007
1500645017;Homalothecium aureum;1999
1500449036;Syntrichia ruralis;2000
1500448960;Syntrichia ruralis;1999
1500448900;Homalothecium aureum;2000
1500448785;Syntrichia ruralis;1980
1500448774;Syntrichia ruralis;1980
1500448579;Syntrichia ruralis;1980
1500448376;Syntrichia ruralis;2001
1500448331;Syntrichia ruralis;1998
1500448330;Syntrichia ruralis;2001
1500448280;Homalothecium aureum;1998
1500448068;Syntrichia ruralis;1984
1500447905;Syntrichia ruralis;1998
1500447706;Syntrichia ruralis;2001
1500447673;Syntrichia ruralis;2001
1500447651;Homalothecium aureum;2001
1500447560;Homalothecium aureum;1998
1500447080;Homalothecium aureum;1990
1500446984;Syntrichia ruralis;1999
1500446950;Syntrichia ruralis;1999
1500446928;Homalothecium aureum;1995
1500446917;Syntrichia ruralis;1999
1500446871;Syntrichia ruralis;2001
1500446862;Syntrichia ruralis;2001
1500446819;Homalothecium aureum;2001
1500446775;Syntrichia ruralis;2002
1500446770;Homalothecium aureum;2001
1500446757;Syntrichia ruralis;2001
1500446750;Homalothecium aureum;2001
1500446727;Syntrichia ruralis;2001
1500446724;Syntrichia ruralis;1999
1500446698;Syntrichia ruralis;2001
1500446674;Homalothecium aureum;1999
1500446663;Homalothecium aureum;2001
1500446624;Syntrichia ruralis;1999
1500446561;Homalothecium aureum;2001
1500446535;Syntrichia ruralis;2001
1500446426;Homalothecium aureum;1998
1500446421;Homalothecium aureum;1999
1500446068;Homalothecium aureum;2000
1500445931;Homalothecium aureum;2001
1500445912;Homalothecium aureum;2000
1500445901;Homalothecium aureum;1999
1500445634;Homalothecium aureum;1999
144638566;Syntrichia ruralis;1985
144638376;Syntrichia ruralis;1986
144638109;Syntrichia ruralis;1977
144637981;Syntrichia ruralis;
144637956;Syntrichia ruralis;1978
144637955;Syntrichia ruralis;1978
144637910;Syntrichia ruralis;1970
144637841;Homalothecium aureum;1984
137430504;Syntrichia ruralis;
137430503;Syntrichia ruralis;
137430498;Syntrichia ruralis;
137430443;Syntrichia ruralis;1993
137430314;Syntrichia ruralis;1994
137430301;Syntrichia ruralis;1994
137430283;Syntrichia ruralis;1994
137430183;Syntrichia ruralis;
137430116;Syntrichia ruralis;1993
137430115;Syntrichia ruralis;1993
137430054;Syntrichia ruralis;1993
137430053;Syntrichia ruralis;1993
137429507;Homalothecium aureum;
137429408;Homalothecium aureum;1994
137429301;Homalothecium aureum;1994
137429281;Homalothecium aureum;1994
137429252;Homalothecium aureum;
137429030;Homalothecium aureum;1993
137429027;Homalothecium aureum;1993
1261815453;Syntrichia ruralis;2012
1261748520;Syntrichia ruralis;2003
1261653713;Homalothecium aureum;1979
1261653679;Homalothecium aureum;1974
1257955172;Homalothecium aureum;2006
1257955153;Homalothecium aureum;2006
1257955144;Homalothecium aureum;2005
1257955099;Syntrichia ruralis;2005
1257955053;Syntrichia ruralis;2005
1257955051;Syntrichia ruralis;2005
1257954982;Syntrichia ruralis;2005
1257954959;Syntrichia ruralis;2005
1257954932;Syntrichia ruralis;2005
1257954895;Syntrichia ruralis;2005
1257954893;Homalothecium aureum;2005
1257954883;Syntrichia ruralis;2005
1257954854;Homalothecium aureum;2004
1257954812;Homalothecium aureum;2004
1257954811;Syntrichia ruralis;2004
1257954804;Syntrichia ruralis;2004
1257954794;Homalothecium aureum;2004
1257954788;Syntrichia ruralis;2003
1257954782;Syntrichia ruralis;2004
1257954774;Homalothecium aureum;2004
1257954772;Syntrichia ruralis;2004
1230466302;Syntrichia ruralis;
1230466279;Syntrichia ruralis;
1230466277;Syntrichia ruralis;
1230466271;Syntrichia ruralis;
1230466270;Syntrichia ruralis;
1230466269;Syntrichia ruralis;
1230466268;Syntrichia ruralis;
1230466261;Syntrichia ruralis;
1230466259;Syntrichia ruralis;
1230466255;Syntrichia ruralis;
1230466254;Syntrichia ruralis;
1230466253;Syntrichia ruralis;
1230466250;Syntrichia ruralis;
1230466249;Syntrichia ruralis;
1230466248;Syntrichia ruralis;
1230466247;Syntrichia ruralis;
1230466246;Syntrichia ruralis;
1230466245;Syntrichia ruralis;
1230466244;Syntrichia ruralis;
1230466243;Syntrichia ruralis;
1230466242;Syntrichia ruralis;
1230466240;Syntrichia ruralis;
1230466238;Syntrichia ruralis;
1230466236;Syntrichia ruralis;
1230466235;Syntrichia ruralis;
1230466233;Syntrichia ruralis;
1230466231;Syntrichia ruralis;
1230466230;Syntrichia ruralis;
1230466226;Syntrichia ruralis;
1230466225;Syntrichia ruralis;
1230466224;Syntrichia ruralis;
1230466223;Syntrichia ruralis;
1230466221;Syntrichia ruralis;
1230466220;Syntrichia ruralis;
1230466219;Syntrichia ruralis;
1230466218;Syntrichia ruralis;
1230466217;Syntrichia ruralis;
1230466215;Syntrichia ruralis;
1230466213;Syntrichia ruralis;
1230466212;Syntrichia ruralis;
1230466210;Syntrichia ruralis;
1230466208;Syntrichia ruralis;
1230466207;Syntrichia ruralis;
1230466206;Syntrichia ruralis;
1230466205;Syntrichia ruralis;
1230466203;Syntrichia ruralis;
1230466198;Syntrichia ruralis;
1230466195;Syntrichia ruralis;
1230466188;Syntrichia ruralis;
1230466184;Syntrichia ruralis;
1230466180;Syntrichia ruralis;
1230466173;Syntrichia ruralis;
1230466154;Syntrichia ruralis;
1230464429;Syntrichia ruralis;
1230464424;Syntrichia ruralis;
1230464418;Syntrichia ruralis;
1230464414;Syntrichia ruralis;
1230464406;Syntrichia ruralis;
1230464405;Syntrichia ruralis;
1230464400;Syntrichia ruralis;
1230464399;Syntrichia ruralis;
1230464395;Syntrichia ruralis;
1230464394;Syntrichia ruralis;
1230464392;Syntrichia ruralis;
1230464390;Syntrichia ruralis;
1230464389;Syntrichia ruralis;
1230464386;Syntrichia ruralis;
1230464385;Syntrichia ruralis;
1230464382;Syntrichia ruralis;
1230464381;Syntrichia ruralis;
1230464380;Syntrichia ruralis;
1230464376;Syntrichia ruralis;
1230464375;Syntrichia ruralis;
1230464374;Syntrichia ruralis;
1230464373;Syntrichia ruralis;
1230464372;Syntrichia ruralis;
1230464371;Syntrichia ruralis;
1230464370;Syntrichia ruralis;
1230464369;Syntrichia ruralis;
1230464368;Syntrichia ruralis;
1230464367;Syntrichia ruralis;
1230464365;Syntrichia ruralis;
1230464363;Syntrichia ruralis;
1230464362;Syntrichia ruralis;
1230464361;Syntrichia ruralis;
1230464360;Syntrichia ruralis;
1230464359;Syntrichia ruralis;
1230464358;Syntrichia ruralis;
1230464357;Syntrichia ruralis;
1230464356;Syntrichia ruralis;
1230464355;Syntrichia ruralis;
1230464354;Syntrichia ruralis;
1230464353;Syntrichia ruralis;
1230464352;Syntrichia ruralis;
1230464351;Syntrichia ruralis;
1230464350;Syntrichia ruralis;
1230464349;Syntrichia ruralis;
1230464348;Syntrichia ruralis;
1230464347;Syntrichia ruralis;
1230464346;Syntrichia ruralis;
1230464345;Syntrichia ruralis;
1230464344;Syntrichia ruralis;
1230464343;Syntrichia ruralis;
1230464342;Syntrichia ruralis;
1230464341;Syntrichia ruralis;
1230464340;Syntrichia ruralis;
1230464339;Syntrichia ruralis;
1230464338;Syntrichia ruralis;
1230464337;Syntrichia ruralis;
1230464336;Syntrichia ruralis;
1230464335;Syntrichia ruralis;
1230464334;Syntrichia ruralis;
1230464333;Syntrichia ruralis;
1230464332;Syntrichia ruralis;
1230464331;Syntrichia ruralis;
1230464330;Syntrichia ruralis;
1230464329;Syntrichia ruralis;
1230464328;Syntrichia ruralis;
1230464327;Syntrichia ruralis;
1230464326;Syntrichia ruralis;
1230464325;Syntrichia ruralis;
1230464324;Syntrichia ruralis;
1230464323;Syntrichia ruralis;
1230464322;Syntrichia ruralis;
1230464321;Syntrichia ruralis;
1230464320;Syntrichia ruralis;
1230464319;Syntrichia ruralis;
1230464318;Syntrichia ruralis;
1230464317;Syntrichia ruralis;
1230464316;Syntrichia ruralis;
1230464315;Syntrichia ruralis;
1230464314;Syntrichia ruralis;
1230464313;Syntrichia ruralis;
1230464312;Syntrichia ruralis;
1230464311;Syntrichia ruralis;
1230464310;Syntrichia ruralis;
1230464309;Syntrichia ruralis;
1230464308;Syntrichia ruralis;
1230464307;Syntrichia ruralis;
1230464306;Syntrichia ruralis;
1230464305;Syntrichia ruralis;
1230464304;Syntrichia ruralis;
1230464303;Syntrichia ruralis;
1230464302;Syntrichia ruralis;
1230464301;Syntrichia ruralis;
1230464299;Syntrichia ruralis;
1230464298;Syntrichia ruralis;
1230464297;Syntrichia ruralis;
1230464296;Syntrichia ruralis;
1230464295;Syntrichia ruralis;
1230464294;Syntrichia ruralis;
1230464293;Syntrichia ruralis;
1230464292;Syntrichia ruralis;
1230464291;Syntrichia ruralis;
1230464290;Syntrichia ruralis;
1230464289;Syntrichia ruralis;
1230464288;Syntrichia ruralis;
1230464287;Syntrichia ruralis;
1230464286;Syntrichia ruralis;
1230464285;Syntrichia ruralis;
1230464284;Syntrichia ruralis;
1230464283;Syntrichia ruralis;
1230464281;Syntrichia ruralis;
1230464279;Syntrichia ruralis;
1230464278;Syntrichia ruralis;
1230464277;Syntrichia ruralis;
1230464276;Syntrichia ruralis;
1230464274;Syntrichia ruralis;
1230464272;Syntrichia ruralis;
1230464271;Syntrichia ruralis;
1230464270;Syntrichia ruralis;
1230464269;Syntrichia ruralis;
1230464268;Syntrichia ruralis;
1230464266;Syntrichia ruralis;
1230464265;Syntrichia ruralis;
1230464261;Syntrichia ruralis;
1230464260;Syntrichia ruralis;
1230464259;Syntrichia ruralis;
1230464257;Syntrichia ruralis;
1230464256;Syntrichia ruralis;
1230464255;Syntrichia ruralis;
1230464254;Syntrichia ruralis;
1230464253;Syntrichia ruralis;
1230464252;Syntrichia ruralis;
1230464250;Syntrichia ruralis;
1230464245;Syntrichia ruralis;
1230464244;Syntrichia ruralis;
1230464243;Syntrichia ruralis;
1230464239;Syntrichia ruralis;
1230464221;Syntrichia ruralis;
1230464216;Syntrichia ruralis;
1230464212;Syntrichia ruralis;
1230464204;Syntrichia ruralis;
1230464193;Syntrichia ruralis;
1230453371;Homalothecium aureum;
1230453363;Homalothecium aureum;
1230453356;Homalothecium aureum;
1230453350;Homalothecium aureum;
1230453336;Homalothecium aureum;
1230453325;Homalothecium aureum;
1230453313;Homalothecium aureum;
1230453299;Homalothecium aureum;
1230453294;Homalothecium aureum;
1230453292;Homalothecium aureum;
1230453287;Homalothecium aureum;
1230453286;Homalothecium aureum;
1230453285;Homalothecium aureum;
1230453284;Homalothecium aureum;
1230453282;Homalothecium aureum;
1230453281;Homalothecium aureum;
1230453279;Homalothecium aureum;
1230453278;Homalothecium aureum;
1230453277;Homalothecium aureum;
1230453276;Homalothecium aureum;
1230453275;Homalothecium aureum;
1230453274;Homalothecium aureum;
1230453271;Homalothecium aureum;
1230453269;Homalothecium aureum;
1230453267;Homalothecium aureum;
1230453260;Homalothecium aureum;
1230453259;Homalothecium aureum;
1230453255;Homalothecium aureum;
1230453254;Homalothecium aureum;
1230453251;Homalothecium aureum;
115794812;Syntrichia ruralis;1990
115793903;Syntrichia ruralis;1999
1146189935;Syntrichia ruralis;1984
1095487563;Syntrichia ruralis;1983
1095469500;Syntrichia ruralis;1987
1095069341;Homalothecium aureum;1976
1095069149;Pleurochaete squarrosa;1976
1095068429;Homalothecium aureum;1978
1095067590;Pleurochaete squarrosa;1975
1095065548;Pleurochaete squarrosa;1975
1095065389;Pleurochaete squarrosa;1975
1095064348;Homalothecium aureum;1976
1095064336;Homalothecium aureum;1976
1095064290;Homalothecium aureum;1976
1095063974;Homalothecium aureum;1976
1057623664;Syntrichia ruralis;1994
1057356733;Homalothecium aureum;
1056550440;Homalothecium aureum;
1055349424;Syntrichia ruralis;1990
1052490045;Homalothecium aureum;1985
1052490015;Homalothecium aureum;1985
1052488532;Homalothecium aureum;2004
1052452701;Homalothecium aureum;2005
1052421663;Homalothecium aureum;1997
1052362042;Homalothecium aureum;1880
1052362037;Homalothecium aureum;1925
1052362031;Homalothecium aureum;1989
1052362026;Homalothecium aureum;1990
1042332272;Homalothecium aureum;1915
1019449404;Homalothecium aureum;1824
